rank,name,long_name,short_name,ticker,country,sector,industry,exchange_code,exchange_name,market,quote_type,listing_currency,hq_city,hq_state,hq_country,website,employees,founded_year,first_trade_date,market_cap_04_08_2025,price_04_08_2025,market_cap_current,price_current,price_file_hourly,hourly_rows,hourly_start,hourly_end,price_file_daily,daily_rows,daily_start,daily_end,data_available
1,NVIDIA,NVIDIA Corporation,NVIDIA Corporation,NVDA,United States,Technology,Semiconductors,NMS,NasdaqGS,us_market,EQUITY,USD,Santa Clara,CA,United States,https://www.nvidia.com,42000.0,1993.0,1999-01-22,4236614041600,173.72,5453600260096.0,225.16,price/United_States/NVDA.csv,5082,2023-09-18 09:30:00-04:00,2026-08-14 15:30:00-04:00,price_daily/United_States/NVDA.csv,6933,1999-01-22 00:00:00-05:00,2026-08-14 00:00:00-04:00,True
2,Broadcom,Broadcom Inc.,Broadcom Inc.,AVGO,United States,Technology,Semiconductors,NMS,NasdaqGS,us_market,EQUITY,USD,Palo Alto,CA,United States,https://www.broadcom.com,33000.0,1961.0,2009-08-06,1357609697280,288.64,1869681393664.0,392.99,price/United_States/AVGO.csv,5082,2023-09-18 09:30:00-04:00,2026-08-14 15:30:00-04:00,price_daily/United_States/AVGO.csv,4282,2009-08-06 00:00:00-04:00,2026-08-14 00:00:00-04:00,True
3,TSMC,Taiwan Semiconductor Manufacturing Company Limited,Taiwan Semiconductor Manufactur,TSM,Taiwan,Technology,Semiconductors,NYQ,NYSE,us_market,EQUITY,USD,Hsinchu City,,Taiwan,https://www.tsmc.com,76907.0,1987.0,1997-10-09,1219921444864,235.21,2211253321728.0,426.35,price/Taiwan/TSM.csv,5082,2023-09-18 09:30:00-04:00,2026-08-14 15:30:00-04:00,price_daily/Taiwan/TSM.csv,7256,1997-10-09 00:00:00-04:00,2026-08-14 00:00:00-04:00,True
4,Samsung,"Samsung Electronics Co., Ltd.",SamsungElec,005930.KS,South Korea,Technology,Consumer Electronics,KSC,KSE,kr_market,EQUITY,KRW,Suwon-si,,South Korea,https://www.samsung.com,,1969.0,2000-01-04,326234945517,49.5673,1802521672679424.0,274500.0,price/South_Korea/005930.KS.csv,4367,2023-08-14 09:00:00+09:00,2026-08-14 14:00:00+09:00,price_daily/South_Korea/005930.KS.csv,6654,2000-01-04 00:00:00+09:00,2026-08-14 00:00:00+09:00,True
5,AMD,"Advanced Micro Devices, Inc.","Advanced Micro Devices, Inc.",AMD,United States,Technology,Semiconductors,NMS,NasdaqGS,us_market,EQUITY,USD,Santa Clara,CA,United States,https://www.amd.com,31000.0,1969.0,1980-03-17,278314942464,171.651,839728824320.0,514.39,price/United_States/AMD.csv,5082,2023-09-18 09:30:00-04:00,2026-08-14 15:30:00-04:00,price_daily/United_States/AMD.csv,11698,1980-03-17 00:00:00-05:00,2026-08-14 00:00:00-04:00,True
6,ASML,ASML Holding N.V.,ASML Holding N.V. - New York Re,ASML,Netherlands,Technology,Semiconductor Equipment & Materials,NMS,NasdaqGS,us_market,EQUITY,USD,Veldhoven,,Netherlands,https://www.asml.com,43938.0,1984.0,1995-03-15,271237234688,689.82,708311121920.0,1844.08,price/Netherlands/ASML.csv,5082,2023-09-18 09:30:00-04:00,2026-08-14 15:30:00-04:00,price_daily/Netherlands/ASML.csv,7907,1995-03-15 00:00:00-05:00,2026-08-14 00:00:00-04:00,True
7,Texas Instruments,Texas Instruments Incorporated,Texas Instruments Incorporated,TXN,United States,Technology,Semiconductors,NMS,NasdaqGS,us_market,EQUITY,USD,Dallas,TX,United States,https://www.ti.com,33000.0,1930.0,1972-06-01,164426530816,180.86,255325782016.0,279.58,price/United_States/TXN.csv,5082,2023-09-18 09:30:00-04:00,2026-08-14 15:30:00-04:00,price_daily/United_States/TXN.csv,13664,1972-06-01 00:00:00-04:00,2026-08-14 00:00:00-04:00,True
8,QUALCOMM,QUALCOMM Incorporated,QUALCOMM Incorporated,QCOM,United States,Technology,Semiconductors,NMS,NasdaqGS,us_market,EQUITY,USD,San Diego,CA,United States,https://www.qualcomm.com,52000.0,1985.0,1991-12-13,159897026560,148.19,174079492096.0,165.79,price/United_States/QCOM.csv,5082,2023-09-18 09:30:00-04:00,2026-08-14 15:30:00-04:00,price_daily/United_States/QCOM.csv,8728,1991-12-13 00:00:00-05:00,2026-08-14 00:00:00-04:00,True
9,Arm Holdings,Arm Holdings plc,Arm Holdings plc,ARM,United Kingdom,Technology,Semiconductors,NMS,NasdaqGS,us_market,EQUITY,USD,Cambridge,,United Kingdom,https://www.arm.com,9584.0,1990.0,2023-09-14,145732993024,137.58,298441539584.0,279.44,price/United_Kingdom/ARM.csv,5082,2023-09-18 09:30:00-04:00,2026-08-14 15:30:00-04:00,price_daily/United_Kingdom/ARM.csv,732,2023-09-14 00:00:00-04:00,2026-08-14 00:00:00-04:00,True
10,Applied Materials,"Applied Materials, Inc.","Applied Materials, Inc.",AMAT,United States,Technology,Semiconductor Equipment & Materials,NMS,NasdaqGS,us_market,EQUITY,USD,Santa Clara,CA,United States,https://www.appliedmaterials.com,38900.0,1967.0,1980-03-17,144441622528,179.99,402680348672.0,507.18,price/United_States/AMAT.csv,5082,2023-09-18 09:30:00-04:00,2026-08-14 15:30:00-04:00,price_daily/United_States/AMAT.csv,11698,1980-03-17 00:00:00-05:00,2026-08-14 00:00:00-04:00,True
11,SK Hynix,SK hynix Inc.,SK hynix,000660.KS,South Korea,Technology,Semiconductors,KSC,KSE,kr_market,EQUITY,KRW,Icheon-si,,South Korea,https://www.skhynix.com,47639.0,1949.0,2000-01-04,128056759188,185.497,1167711279251456.0,1645000.0,price/South_Korea/000660.KS.csv,4367,2023-08-14 09:00:00+09:00,2026-08-14 14:00:00+09:00,price_daily/South_Korea/000660.KS.csv,6654,2000-01-04 00:00:00+09:00,2026-08-14 00:00:00+09:00,True
12,Lam Research,Lam Research Corporation,Lam Research Corporation,LRCX,United States,Technology,Semiconductor Equipment & Materials,NMS,NasdaqGS,us_market,EQUITY,USD,Fremont,CA,United States,https://www.lamresearch.com,23300.0,1980.0,1984-05-04,122268475392,96.37,415889031168.0,332.36,price/United_States/LRCX.csv,5082,2023-09-18 09:30:00-04:00,2026-08-14 15:30:00-04:00,price_daily/United_States/LRCX.csv,10652,1984-05-04 00:00:00-04:00,2026-08-14 00:00:00-04:00,True
13,Micron Technology,"Micron Technology, Inc.","Micron Technology, Inc.",MU,United States,Technology,Semiconductors,NMS,NasdaqGS,us_market,EQUITY,USD,Boise,ID,United States,https://www.micron.com,53000.0,1978.0,1984-06-01,117374353408,104.88,1097386098688.0,971.66,price/United_States/MU.csv,5082,2023-09-18 09:30:00-04:00,2026-08-14 15:30:00-04:00,price_daily/United_States/MU.csv,10633,1984-06-01 00:00:00-04:00,2026-08-14 00:00:00-04:00,True
14,KLA,KLA Corporation,KLA Corporation,KLAC,United States,Technology,Semiconductor Equipment & Materials,NMS,NasdaqGS,us_market,EQUITY,USD,Milpitas,CA,United States,https://www.kla.com,17000.0,1975.0,1980-10-08,117250162688,886.64,266169712640.0,203.72,price/United_States/KLAC.csv,5082,2023-09-18 09:30:00-04:00,2026-08-14 15:30:00-04:00,price_daily/United_States/KLAC.csv,11555,1980-10-08 00:00:00-04:00,2026-08-14 00:00:00-04:00,True
15,Synopsys,"Synopsys, Inc.","Synopsys, Inc.",SNPS,United States,Technology,Software - Infrastructure,NMS,NasdaqGS,us_market,EQUITY,USD,Sunnyvale,CA,United States,https://www.synopsys.com,28000.0,1986.0,1992-02-26,114477473792,618.65,80708534272.0,421.5,price/United_States/SNPS.csv,5082,2023-09-18 09:30:00-04:00,2026-08-14 15:30:00-04:00,price_daily/United_States/SNPS.csv,8678,1992-02-26 00:00:00-05:00,2026-08-14 00:00:00-04:00,True
16,Analog Devices,"Analog Devices, Inc.","Analog Devices, Inc.",ADI,United States,Technology,Semiconductors,NMS,NasdaqGS,us_market,EQUITY,USD,Wilmington,MA,United States,https://www.analog.com,24500.0,1965.0,1980-03-17,110023147520,221.71,189666836480.0,389.39,price/United_States/ADI.csv,5082,2023-09-18 09:30:00-04:00,2026-08-14 15:30:00-04:00,price_daily/United_States/ADI.csv,11698,1980-03-17 00:00:00-05:00,2026-08-14 00:00:00-04:00,True
17,Intel,Intel Corporation,Intel Corporation,INTC,United States,Technology,Semiconductors,NMS,NasdaqGS,us_market,EQUITY,USD,Santa Clara,CA,United States,https://www.intel.com,85100.0,1968.0,1980-03-17,84519870464,19.31,541825761280.0,102.5,price/United_States/INTC.csv,5082,2023-09-18 09:30:00-04:00,2026-08-14 15:30:00-04:00,price_daily/United_States/INTC.csv,11698,1980-03-17 00:00:00-05:00,2026-08-14 00:00:00-04:00,True
18,MediaTek,MediaTek Inc.,MEDIATEK INC,2454.TW,Taiwan,Technology,Semiconductors,TAI,Taiwan,tw_market,EQUITY,TWD,Hsinchu City,,Taiwan,https://www.mediatek.com,,1997.0,2001-07-23,72108276513,45.2413,6719556026368.0,4210.0,price/Taiwan/2454.TW.csv,3639,2023-08-15 09:00:00+08:00,2026-08-14 13:00:00+08:00,price_daily/Taiwan/2454.TW.csv,6214,2001-07-23 00:00:00+08:00,2026-08-14 00:00:00+08:00,True
19,Tokyo Electron,Tokyo Electron Limited,TOKYO ELECTRON,8035.T,Japan,Technology,Semiconductor Equipment & Materials,JPX,Tokyo,jp_market,EQUITY,JPY,Tokyo,,Japan,https://www.tel.com,20236.0,1951.0,2000-01-04,69418586488,151.533,26883525705728.0,59130.0,price/Japan/8035.T.csv,5090,2023-08-18 09:00:00+09:00,2026-08-14 15:00:00+09:00,price_daily/Japan/8035.T.csv,6641,2000-01-04 00:00:00+09:00,2026-08-14 00:00:00+09:00,True
20,Marvell Technology,"Marvell Technology, Inc.","Marvell Technology, Inc.",MRVL,United States,Technology,Semiconductors,NMS,NasdaqGS,us_market,EQUITY,USD,Wilmington,DE,United States,https://www.marvell.com,7480.0,1995.0,2000-06-30,64190787584,74.45,199272824832.0,222.02,price/United_States/MRVL.csv,5082,2023-09-18 09:30:00-04:00,2026-08-14 15:30:00-04:00,price_daily/United_States/MRVL.csv,6569,2000-06-30 00:00:00-04:00,2026-08-14 00:00:00-04:00,True
21,SMIC,Semiconductor Manufacturing International Corporation,SMIC,0981.HK,China,Technology,Semiconductors,HKG,HKSE,hk_market,EQUITY,HKD,Shanghai,,China,https://www.smics.com,19952.0,2000.0,2004-03-18,62621601565,6.37596,606105108480.0,70.8,price/China/0981.HK.csv,5062,2023-08-23 09:30:00+08:00,2026-08-14 15:30:00+08:00,price_daily/China/0981.HK.csv,5536,2004-03-18 00:00:00+08:00,2026-08-14 00:00:00+08:00,True
22,NXP Semiconductors,NXP Semiconductors N.V.,NXP Semiconductors N.V.,NXPI,Netherlands,Technology,Semiconductors,NMS,NasdaqGS,us_market,EQUITY,USD,Eindhoven,,Netherlands,https://www.nxp.com,32169.0,2006.0,2010-08-06,52923981824,209.92,59185455104.0,234.71,price/Netherlands/NXPI.csv,5082,2023-09-18 09:30:00-04:00,2026-08-14 15:30:00-04:00,price_daily/Netherlands/NXPI.csv,4030,2010-08-06 00:00:00-04:00,2026-08-14 00:00:00-04:00,True
23,Infineon,Infineon Technologies AG,INFINEON TECHNOLOGIES AG      N,IFX.DE,Germany,Technology,Semiconductors,GER,XETRA,de_market,EQUITY,EUR,Neubiberg,,Germany,https://www.infineon.com,56992.0,1952.0,2000-03-13,50627527513,38.9625,80218112000.0,61.73,price/Germany/IFX.DE.csv,6556,2023-09-28 09:00:00+02:00,2026-08-14 17:00:00+02:00,price_daily/Germany/IFX.DE.csv,6751,2000-03-13 00:00:00+01:00,2026-08-14 00:00:00+02:00,True
24,Advantest,Advantest Corporation,ADVANTEST CORP,6857.T,Japan,Technology,Semiconductor Equipment & Materials,JPX,Tokyo,jp_market,EQUITY,JPY,Chiyoda,,Japan,https://www.advantest.com,7241.0,1946.0,2000-01-04,50555941713,69.0875,26697351036928.0,36870.0,price/Japan/6857.T.csv,5089,2023-08-18 09:00:00+09:00,2026-08-14 15:00:00+09:00,price_daily/Japan/6857.T.csv,6641,2000-01-04 00:00:00+09:00,2026-08-14 00:00:00+09:00,True
25,Cambricon Technologies,Cambricon Technologies Corporation Limited,CAMBRICON TECHNOLOGIES CORPORAT,688256.SS,China,Technology,Semiconductors,SHH,Shanghai,cn_market,EQUITY,CNY,Beijing,,China,https://www.cambricon.com,1249.0,2016.0,2020-07-20,39975179794,95.5544,686724218880.0,1093.0,price/China/688256.SS.csv,4024,2023-08-10 09:30:00+08:00,2026-08-14 14:30:00+08:00,price_daily/China/688256.SS.csv,1474,2020-07-20 00:00:00+08:00,2026-08-14 00:00:00+08:00,True
26,Monolithic Power Systems,"Monolithic Power Systems, Inc.","Monolithic Power Systems, Inc.",MPWR,United States,Technology,Semiconductors,NMS,NasdaqGS,us_market,EQUITY,USD,West Palm Beach,FL,United States,https://www.monolithicpower.com,4501.0,1997.0,2004-11-19,37615484928,785.62,68898979840.0,1402.01,price/United_States/MPWR.csv,5082,2023-09-18 09:30:00-04:00,2026-08-14 15:30:00-04:00,price_daily/United_States/MPWR.csv,5467,2004-11-19 00:00:00-05:00,2026-08-14 00:00:00-04:00,True
27,Microchip Technology,Microchip Technology Incorporated,Microchip Technology Incorporat,MCHP,United States,Technology,Semiconductors,NMS,NasdaqGS,us_market,EQUITY,USD,Chandler,AZ,United States,https://www.microchip.com,17900.0,1989.0,1993-03-19,35812835328,66.36,42989998080.0,79.17,price/United_States/MCHP.csv,5082,2023-09-18 09:30:00-04:00,2026-08-14 15:30:00-04:00,price_daily/United_States/MCHP.csv,8409,1993-03-19 00:00:00-05:00,2026-08-14 00:00:00-04:00,True
28,NAURA Technology Group,"NAURA Technology Group Co., Ltd.",NAURA,002371.SZ,China,Technology,Semiconductor Equipment & Materials,SHZ,Shenzhen,cn_market,EQUITY,CNY,Beijing,,China,https://www.naura.com,21101.0,2001.0,2010-03-16,33000258919,45.7319,536037588992.0,738.66,price/China/002371.SZ.csv,4368,2023-08-10 09:30:00+08:00,2026-08-14 14:30:00+08:00,price_daily/China/002371.SZ.csv,3988,2010-03-16 00:00:00+08:00,2026-08-14 00:00:00+08:00,True
29,Disco Corp.,Disco Corporation,DISCO CORPORATION,6146.T,Japan,Technology,Semiconductor Equipment & Materials,JPX,Tokyo,jp_market,EQUITY,JPY,Ota,,Japan,https://www.disco.co.jp,5547.0,1937.0,2001-01-01,32193915801,296.978,7101382393856.0,65470.0,price/Japan/6146.T.csv,5084,2023-08-18 09:00:00+09:00,2026-08-14 15:00:00+09:00,price_daily/Japan/6146.T.csv,6382,2001-01-01 00:00:00+09:00,2026-08-14 00:00:00+09:00,True
30,ASM International,ASM International NV,ASM International N.V.,ASM.AS,Netherlands,Technology,Semiconductor Equipment & Materials,AMS,Amsterdam,nl_market,EQUITY,EUR,Almere,,Netherlands,https://www.asm.com,4908.0,1968.0,1999-01-06,24577196726,480.115,43779706880.0,893.8,price/Netherlands/ASM.AS.csv,6556,2023-10-04 09:00:00+02:00,2026-08-14 17:00:00+02:00,price_daily/Netherlands/ASM.AS.csv,7101,1999-01-06 00:00:00+01:00,2026-08-14 00:00:00+02:00,True
31,ON Semiconductor,ON Semiconductor Corporation,ON Semiconductor Corporation,ON,United States,Technology,Semiconductors,NMS,NasdaqGS,us_market,EQUITY,USD,Scottsdale,AZ,United States,https://www.onsemi.com,22600.0,1992.0,2000-05-02,23744225280,56.82,32180506624.0,82.66,price/United_States/ON.csv,5082,2023-09-18 09:30:00-04:00,2026-08-14 15:30:00-04:00,price_daily/United_States/ON.csv,6611,2000-05-02 00:00:00-04:00,2026-08-14 00:00:00-04:00,True
32,ASE Group,"ASE Technology Holding Co., Ltd.","ASE Technology Holding Co., Ltd",ASX,Taiwan,Technology,Semiconductors,NYQ,NYSE,us_market,EQUITY,USD,Kaohsiung,,Taiwan,https://www.aseglobal.com,114179.0,1984.0,2000-10-02,23406282752,10.01,102948929536.0,39.54,price/Taiwan/ASX.csv,5082,2023-09-18 09:30:00-04:00,2026-08-14 15:30:00-04:00,price_daily/Taiwan/ASX.csv,6505,2000-10-02 00:00:00-04:00,2026-08-14 00:00:00-04:00,True
33,STMicroelectronics,STMicroelectronics N.V.,STMicroelectronics N.V.,STM,Switzerland,Technology,Semiconductors,NYQ,NYSE,us_market,EQUITY,USD,Schiphol,,Netherlands,https://www.st.com/content/st_com/en.html,49000.0,1987.0,1994-12-08,23347775488,25.06,48457543680.0,54.29,price/Switzerland/STM.csv,5082,2023-09-18 09:30:00-04:00,2026-08-14 15:30:00-04:00,price_daily/Switzerland/STM.csv,7973,1994-12-08 00:00:00-05:00,2026-08-14 00:00:00-04:00,True
34,Renesas Electronics,Renesas Electronics Corporation,RENESAS ELECTRONICS CORP,6723.T,Japan,Technology,Semiconductors,JPX,Tokyo,jp_market,EQUITY,JPY,Tokyo,,Japan,https://www.renesas.com,,2002.0,2003-07-24,22336916145,12.431,6845774692352.0,3746.0,price/Japan/6723.T.csv,5090,2023-08-18 09:00:00+09:00,2026-08-14 15:00:00+09:00,price_daily/Japan/6723.T.csv,5714,2003-07-24 00:00:00+09:00,2026-08-14 00:00:00+09:00,True
35,Astera Labs,"Astera Labs, Inc.","Astera Labs, Inc.",ALAB,United States,Technology,Semiconductors,NMS,NasdaqGS,us_market,EQUITY,USD,San Jose,CA,United States,https://www.asteralabs.com,756.0,2017.0,2024-03-20,21620619264,131.1,55794540544.0,321.61,price/United_States/ALAB.csv,3466,2024-08-20 09:30:00-04:00,2026-08-14 15:30:00-04:00,price_daily/United_States/ALAB.csv,603,2024-03-20 00:00:00-04:00,2026-08-14 00:00:00-04:00,True
36,GlobalFoundries,GLOBALFOUNDRIES Inc.,GlobalFoundries Inc.,GFS,United States,Technology,Semiconductors,NMS,NasdaqGS,us_market,EQUITY,USD,Malta,NY,United States,https://gf.com,14000.0,2008.0,2021-10-28,20298754048,36.58,29950836736.0,54.58,price/United_States/GFS.csv,5082,2023-09-18 09:30:00-04:00,2026-08-14 15:30:00-04:00,price_daily/United_States/GFS.csv,1203,2021-10-28 00:00:00-04:00,2026-08-14 00:00:00-04:00,True
37,Credo Technology,Credo Technology Group Holding Ltd,Credo Technology Group Holding ,CRDO,United States,Technology,Semiconductors,NMS,NasdaqGS,us_market,EQUITY,USD,Grand Cayman,,Cayman Islands,https://credosemi.com,807.0,2008.0,2022-01-27,18461812736,107.56,48465604608.0,259.9,price/United_States/CRDO.csv,5082,2023-09-18 09:30:00-04:00,2026-08-14 15:30:00-04:00,price_daily/United_States/CRDO.csv,1141,2022-01-27 00:00:00-05:00,2026-08-14 00:00:00-04:00,True
38,United Microelectronics,United Microelectronics Corporation,United Microelectronics Corpora,UMC,Taiwan,Technology,Semiconductors,NYQ,NYSE,us_market,EQUITY,USD,Hsinchu City,,Taiwan,https://www.umc.com,20000.0,1980.0,2000-09-19,17397235712,6.81,48026447872.0,19.15,price/Taiwan/UMC.csv,5082,2023-09-18 09:30:00-04:00,2026-08-14 15:30:00-04:00,price_daily/Taiwan/UMC.csv,6514,2000-09-19 00:00:00-04:00,2026-08-14 00:00:00-04:00,True
39,AMEC,Advanced Micro-Fabrication Equipment Inc. China,ADVANCED MICRO-FABRICATION EQUI,688012.SS,China,Technology,Semiconductor Equipment & Materials,SHH,Shanghai,cn_market,EQUITY,CNY,Shanghai,,China,https://www.amec-inc.com,2963.0,2004.0,2019-07-22,16714623642,26.6945,359047233536.0,374.85,price/China/688012.SS.csv,3930,2023-08-10 09:30:00+08:00,2026-08-14 14:30:00+08:00,price_daily/China/688012.SS.csv,1715,2019-07-22 00:00:00+08:00,2026-08-14 00:00:00+08:00,True
40,Coherent Corp.,Coherent Corp.,Coherent Corp.,COHR,United States,Technology,Scientific & Technical Instruments,NYQ,NYSE,us_market,EQUITY,USD,Saxonburg,PA,United States,https://www.coherent.com,,1971.0,1987-10-02,15977779200,102.79,63745159168.0,325.83,price/United_States/COHR.csv,5082,2023-09-18 09:30:00-04:00,2026-08-14 15:30:00-04:00,price_daily/United_States/COHR.csv,9790,1987-10-02 00:00:00-04:00,2026-08-14 00:00:00-04:00,True
41,Entegris,"Entegris, Inc.","Entegris, Inc.",ENTG,United States,Technology,Semiconductor Equipment & Materials,NMS,NasdaqGS,us_market,EQUITY,USD,Billerica,MA,United States,https://www.entegris.com,7700.0,1966.0,2000-07-11,11454924800,75.66,24636047360.0,161.76,price/United_States/ENTG.csv,5082,2023-09-18 09:30:00-04:00,2026-08-14 15:30:00-04:00,price_daily/United_States/ENTG.csv,6563,2000-07-11 00:00:00-04:00,2026-08-14 00:00:00-04:00,True
42,BE Semiconductor,BE Semiconductor Industries N.V.,BE Semiconductor Industries N.V,BESI.AS,Netherlands,Technology,Semiconductor Equipment & Materials,AMS,Amsterdam,nl_market,EQUITY,EUR,Duiven,,Netherlands,https://www.besi.com,1952.0,1995.0,1998-07-20,10973708009,135.043,18485790720.0,233.5,price/Netherlands/BESI.AS.csv,6556,2023-10-04 09:00:00+02:00,2026-08-14 17:00:00+02:00,price_daily/Netherlands/BESI.AS.csv,7223,1998-07-20 00:00:00+02:00,2026-08-14 00:00:00+02:00,True
43,GigaDevice Semiconductor,GigaDevice Semiconductor Inc.,GIGA DEVICE SEMICONDUCTOR INC,603986.SS,China,Technology,Semiconductors,SHH,Shanghai,cn_market,EQUITY,CNY,Beijing,,China,https://www.gigadevice.com,2333.0,2005.0,2016-08-18,10802146668,16.2668,292964532224.0,417.48,price/China/603986.SS.csv,4171,2023-08-10 09:30:00+08:00,2026-08-14 14:30:00+08:00,price_daily/China/603986.SS.csv,2423,2016-08-18 00:00:00+08:00,2026-08-14 00:00:00+08:00,True
44,Alchip Technologies,"Alchip Technologies, Limited",ALCHIP TECHNOLOGIES LIMITD,3661.TW,Taiwan,Technology,Semiconductors,TAI,Taiwan,tw_market,EQUITY,TWD,Taipei,,Taiwan,https://www.alchip.com,,1992.0,2012-10-05,10554092866,130.529,345604489216.0,4210.0,price/Taiwan/3661.TW.csv,3638,2023-08-15 09:00:00+08:00,2026-08-14 13:00:00+08:00,price_daily/Taiwan/3661.TW.csv,3377,2012-10-05 00:00:00+08:00,2026-08-14 00:00:00+08:00,True
45,Skyworks Solutions,"Skyworks Solutions, Inc.","Skyworks Solutions, Inc.",SWKS,United States,Technology,Semiconductors,NMS,NasdaqGS,us_market,EQUITY,USD,Irvine,CA,United States,https://www.skyworksinc.com,10000.0,1962.0,1984-09-07,10162232320,67.69,10471264256.0,69.62,price/United_States/SWKS.csv,5082,2023-09-18 09:30:00-04:00,2026-08-14 15:30:00-04:00,price_daily/United_States/SWKS.csv,10565,1984-09-07 00:00:00-04:00,2026-08-14 00:00:00-04:00,True
46,MACOM,"MACOM Technology Solutions Holdings, Inc.",MACOM Technology Solutions Hold,MTSI,United States,Technology,Semiconductors,NMS,NasdaqGS,us_market,EQUITY,USD,Lowell,MA,United States,https://www.macom.com,2000.0,1950.0,2012-03-15,10140196864,136.31,24166815744.0,316.44,price/United_States/MTSI.csv,5082,2023-09-18 09:30:00-04:00,2026-08-14 15:30:00-04:00,price_daily/United_States/MTSI.csv,3624,2012-03-15 00:00:00-04:00,2026-08-14 00:00:00-04:00,True
47,Novatek Microelectronics,Novatek Microelectronics Corp.,NOVATEK MICROELECTRONICS,3034.TW,Taiwan,Technology,Semiconductors,TAI,Taiwan,tw_market,EQUITY,TWD,Hsinchu City,,Taiwan,https://www.novatek.com.tw,,1997.0,2002-08-27,9666041636,15.8847,311558144000.0,512.0,price/Taiwan/3034.TW.csv,3639,2023-08-15 09:00:00+08:00,2026-08-14 13:00:00+08:00,price_daily/Taiwan/3034.TW.csv,5928,2002-08-27 00:00:00+08:00,2026-08-14 00:00:00+08:00,True
48,Realtek,Realtek Semiconductor Corp.,REALTEK SEMICONDUCTOR CORP,2379.TW,Taiwan,Technology,Semiconductors,TAI,Taiwan,tw_market,EQUITY,TWD,Hsinchu City,,Taiwan,https://www.realtek.com,,1987.0,2000-01-04,9452903587,18.4316,369774231552.0,721.0,price/Taiwan/2379.TW.csv,3639,2023-08-15 09:00:00+08:00,2026-08-14 13:00:00+08:00,price_daily/Taiwan/2379.TW.csv,6618,2000-01-04 00:00:00+08:00,2026-08-14 00:00:00+08:00,True
49,Lite-On Technology,Lite-On Technology Corporation,LITE-ON TECHNOLOGY CORP,2301.TW,Taiwan,Technology,Computer Hardware,TAI,Taiwan,tw_market,EQUITY,TWD,Taipei,,Taiwan,https://www.liteon.com,,1975.0,2000-01-04,9151832764,4.07172,606029152256.0,267.0,price/Taiwan/2301.TW.csv,3639,2023-08-15 09:00:00+08:00,2026-08-14 13:00:00+08:00,price_daily/Taiwan/2301.TW.csv,6618,2000-01-04 00:00:00+08:00,2026-08-14 00:00:00+08:00,True
50,Lasertec,Lasertec Corporation,LASERTEC CORP,6920.T,Japan,Technology,Semiconductor Equipment & Materials,JPX,Tokyo,jp_market,EQUITY,JPY,Yokohama,,Japan,https://www.lasertec.co.jp,,1960.0,2010-02-22,8918025914,98.88,3479462477824.0,38820.0,price/Japan/6920.T.csv,5082,2023-08-18 09:00:00+09:00,2026-08-14 15:00:00+09:00,price_daily/Japan/6920.T.csv,4051,2010-02-22 00:00:00+09:00,2026-08-14 00:00:00+09:00,True
51,San’an Optoelectronics,"Sanan Optoelectronics Co.,Ltd",SANAN OPTOELECTRONICS CO. LTD.,600703.SS,China,Technology,Semiconductors,SHH,Shanghai,cn_market,EQUITY,CNY,Xiamen,,China,https://www.sanan-e.com,15919.0,1993.0,1996-05-28,8772086640,1.75828,67750871040.0,13.58,price/China/600703.SS.csv,4045,2023-08-10 09:30:00+08:00,2026-08-14 14:30:00+08:00,price_daily/China/600703.SS.csv,7513,1996-05-28 00:00:00+08:00,2026-08-14 00:00:00+08:00,True
52,China Resources Microelectronics,China Resources Microelectronics Limited,CHINA RESOURCES MICROELECTRONIC,688396.SS,China,Technology,Semiconductors,SHH,Shanghai,cn_market,EQUITY,CNY,Wuxi,,China,https://www.crmicro.com,11626.0,1997.0,2020-02-27,8642677778,6.51034,80662233088.0,60.73,price/China/688396.SS.csv,3874,2023-08-10 09:30:00+08:00,2026-08-14 14:30:00+08:00,price_daily/China/688396.SS.csv,1570,2020-02-27 00:00:00+08:00,2026-08-14 00:00:00+08:00,True
53,Qorvo,"Qorvo, Inc.","Qorvo, Inc.",QRVO,United States,Technology,Semiconductors,NMS,NasdaqGS,us_market,EQUITY,USD,Greensboro,NC,United States,https://www.qorvo.com,5200.0,1957.0,2015-01-02,7793153536,84.11,8655069184.0,98.11,price/United_States/QRVO.csv,5082,2023-09-18 09:30:00-04:00,2026-08-14 15:30:00-04:00,price_daily/United_States/QRVO.csv,2920,2015-01-02 00:00:00-05:00,2026-08-14 00:00:00-04:00,True
54,Nova Measuring Instruments,Nova Ltd.,Nova Ltd.,NVMI,Israel,Technology,Semiconductor Equipment & Materials,NMS,NasdaqGS,us_market,EQUITY,USD,Rehovot,,Israel,https://www.novami.com,1612.0,1993.0,2000-04-11,7748396032,263.55,13298791424.0,418.12,price/Israel/NVMI.csv,5078,2023-09-18 09:30:00-04:00,2026-08-14 15:30:00-04:00,price_daily/Israel/NVMI.csv,6625,2000-04-11 00:00:00-04:00,2026-08-14 00:00:00-04:00,True
55,SCREEN Holdings,"SCREEN Holdings Co., Ltd.",SCREEN HOLDINGS CO LTD,7735.T,Japan,Technology,Semiconductor Equipment & Materials,JPX,Tokyo,jp_market,EQUITY,JPY,Kyoto,,Japan,https://www.screen.co.jp,7170.0,1943.0,2001-01-01,7307228402,77.3726,2699228610560.0,14275.0,price/Japan/7735.T.csv,5090,2023-08-18 09:00:00+09:00,2026-08-14 15:00:00+09:00,price_daily/Japan/7735.T.csv,6382,2001-01-01 00:00:00+09:00,2026-08-14 00:00:00+09:00,True
56,National Silicon Industry Group,"National Silicon Industry Group Co., Ltd.",NATIONAL SILICON INDUSTRY GROUP,688126.SS,China,Technology,Semiconductor Equipment & Materials,SHH,Shanghai,cn_market,EQUITY,CNY,Shanghai,,China,https://www.nsig.com,3640.0,2015.0,2020-04-20,7035943984,2.56115,85600108544.0,25.9,price/China/688126.SS.csv,3864,2023-08-10 09:30:00+08:00,2026-08-14 14:30:00+08:00,price_daily/China/688126.SS.csv,1534,2020-04-20 00:00:00+08:00,2026-08-14 00:00:00+08:00,True
57,VeriSilicon Microelectronics,"VeriSilicon Microelectronics (Shanghai) Co., Ltd.",VERISILICON MICROELECTRONICS (S,688521.SS,China,Technology,Semiconductors,SHH,Shanghai,cn_market,EQUITY,CNY,Shanghai,,China,https://www.verisilicon.com,2057.0,2001.0,2020-08-18,6888155489,13.1025,109011714048.0,207.28,price/China/688521.SS.csv,3917,2023-08-10 09:30:00+08:00,2026-08-14 14:30:00+08:00,price_daily/China/688521.SS.csv,1453,2020-08-18 00:00:00+08:00,2026-08-14 00:00:00+08:00,True
58,Lattice Semiconductor,Lattice Semiconductor Corporation,Lattice Semiconductor Corporati,LSCC,United States,Technology,Semiconductors,NMS,NasdaqGS,us_market,EQUITY,USD,Hillsboro,OR,United States,https://www.latticesemi.com,1174.0,1983.0,1989-11-09,6736517120,48.99,18492604416.0,130.46,price/United_States/LSCC.csv,5082,2023-09-18 09:30:00-04:00,2026-08-14 15:30:00-04:00,price_daily/United_States/LSCC.csv,9257,1989-11-09 00:00:00-05:00,2026-08-14 00:00:00-04:00,True
59,SG Micro,SG Micro Corp,SGMC,300661.SZ,China,Technology,Semiconductors,SHZ,Shenzhen,cn_market,EQUITY,CNY,Beijing,,China,https://www.sg-micro.com,1835.0,2007.0,2017-06-06,6420108131,10.3902,84324540416.0,123.0,price/China/300661.SZ.csv,4368,2023-08-10 09:30:00+08:00,2026-08-14 14:30:00+08:00,price_daily/China/300661.SZ.csv,2233,2017-06-06 00:00:00+08:00,2026-08-14 00:00:00+08:00,True
60,Silan Microelectronics,"Hangzhou Silan Microelectronics Co., Ltd.",HANGZHOU SILAN MICROELECTRONICS,600460.SS,China,Technology,Semiconductors,SHH,Shanghai,cn_market,EQUITY,CNY,Hangzhou,,China,https://www.silan.com.cn,11113.0,1997.0,2003-03-11,6022550871,3.61917,54498353152.0,32.75,price/China/600460.SS.csv,4062,2023-08-10 09:30:00+08:00,2026-08-14 14:30:00+08:00,price_daily/China/600460.SS.csv,5743,2003-03-11 00:00:00+08:00,2026-08-14 00:00:00+08:00,True
61,Vanguard International Semiconductor,Vanguard International Semiconductor Corporation,VANGUARD INTERNATIONAL SEMICOND,5347.TWO,Taiwan,Technology,Semiconductors,TWO,Taipei Exchange,tw_market,EQUITY,TWD,Hsinchu City,,Taiwan,https://www.vis.com.tw,,1994.0,2007-12-31,5938850766,3.18029,301473497088.0,160.5,price/Taiwan/5347.TWO.csv,3634,2023-08-15 09:00:00+08:00,2026-08-14 13:00:00+08:00,price_daily/Taiwan/5347.TWO.csv,4562,2007-12-31 00:00:00+08:00,2026-08-14 00:00:00+08:00,True
62,HANMI Semiconductor,"HANMI Semiconductor Co., Ltd.",HANMISemi,042700.KS,South Korea,Technology,Semiconductor Equipment & Materials,KSC,KSE,kr_market,EQUITY,KRW,Incheon,,South Korea,https://www.hanmisemi.com,698.0,1980.0,2005-07-25,5919532218,62.4074,21721337823232.0,229000.0,price/South_Korea/042700.KS.csv,4367,2023-08-14 09:00:00+09:00,2026-08-14 14:00:00+09:00,price_daily/South_Korea/042700.KS.csv,5205,2005-07-25 00:00:00+09:00,2026-08-14 00:00:00+09:00,True
63,Allegro MicroSystems,"Allegro MicroSystems, Inc.","Allegro MicroSystems, Inc.",ALGM,United States,Technology,Semiconductors,NMS,NasdaqGS,us_market,EQUITY,USD,Manchester,NH,United States,https://www.allegromicro.com,4250.0,1990.0,2020-10-29,5780755456,31.26,8274386944.0,44.39,price/United_States/ALGM.csv,5082,2023-09-18 09:30:00-04:00,2026-08-14 15:30:00-04:00,price_daily/United_States/ALGM.csv,1454,2020-10-29 00:00:00-04:00,2026-08-14 00:00:00-04:00,True
64,Global Unichip Corp.,Global Unichip Corp.,GLOBAL UNICHIP CORP.,3443.TW,Taiwan,Technology,Semiconductors,TAI,Taiwan,tw_market,EQUITY,TWD,Hsinchu City,,Taiwan,https://www.guc-asic.com,,1998.0,2006-11-03,5636186566,42.0576,732370108416.0,5465.0,price/Taiwan/3443.TW.csv,3639,2023-08-15 09:00:00+08:00,2026-08-14 13:00:00+08:00,price_daily/Taiwan/3443.TW.csv,4847,2006-11-03 00:00:00+08:00,2026-08-14 00:00:00+08:00,True
65,GlobalWafers,"GlobalWafers Co., Ltd.",GLOBALWAFERS CO LTD,6488.TWO,Taiwan,Technology,Semiconductors,TWO,Taipei Exchange,tw_market,EQUITY,TWD,Hsinchu City,,Taiwan,https://www.sas-globalwafers.com,,1981.0,2014-10-30,5543815178,11.5952,482894872576.0,1010.0,price/Taiwan/6488.TWO.csv,3639,2023-08-15 09:00:00+08:00,2026-08-14 13:00:00+08:00,price_daily/Taiwan/6488.TWO.csv,2869,2014-10-30 00:00:00+08:00,2026-08-14 00:00:00+08:00,True
66,Galaxycore,GalaxyCore Inc.,GALAXYCORE INC,688728.SS,China,Technology,Semiconductors,SHH,Shanghai,cn_market,EQUITY,CNY,Shanghai,,China,https://www.gcoreinc.com,2364.0,2003.0,2021-08-18,5542607870,2.13129,42077495296.0,16.18,price/China/688728.SS.csv,3854,2023-08-10 09:30:00+08:00,2026-08-14 14:30:00+08:00,price_daily/China/688728.SS.csv,1209,2021-08-18 00:00:00+08:00,2026-08-14 00:00:00+08:00,True
67,Bestechnic,"Bestechnic (Shanghai) Co., Ltd.",BESTECHNIC (SHANGHAI) CO LTD,688608.SS,China,Technology,Semiconductors,SHH,Shanghai,cn_market,EQUITY,CNY,Shanghai,,China,https://www.bestechnic.com,744.0,2015.0,2020-12-16,5528348886,32.9192,25730564096.0,108.62,price/China/688608.SS.csv,3822,2023-08-10 09:30:00+08:00,2026-08-14 14:30:00+08:00,price_daily/China/688608.SS.csv,1373,2020-12-16 00:00:00+08:00,2026-08-14 00:00:00+08:00,True
68,Technoprobe,Technoprobe S.p.A.,TECHNOPROBE,TPRO.MI,Italy,Technology,Semiconductors,MIL,Milan,it_market,EQUITY,EUR,Cernusco Lombardone,LC,Italy,https://www.technoprobe.com,3238.0,1993.0,2022-02-15,5410874976,8.16138,20131641344.0,31.44,price/Italy/TPRO.MI.csv,6568,2023-09-26 09:00:00+02:00,2026-08-14 17:00:00+02:00,price_daily/Italy/TPRO.MI.csv,1141,2022-02-15 00:00:00+01:00,2026-08-14 00:00:00+02:00,True
69,Amkor Technology,"Amkor Technology, Inc.","Amkor Technology, Inc.",AMKR,United States,Technology,Semiconductor Equipment & Materials,NMS,NasdaqGS,us_market,EQUITY,USD,Tempe,AZ,United States,https://amkor.com,30800.0,1968.0,1998-05-01,5375360512,21.75,14622000128.0,58.99,price/United_States/AMKR.csv,5082,2023-09-18 09:30:00-04:00,2026-08-14 15:30:00-04:00,price_daily/United_States/AMKR.csv,7116,1998-05-01 00:00:00-04:00,2026-08-14 00:00:00-04:00,True
70,SmartSens Technology,"Smartsens Technology (Shanghai) Co., Ltd.",SMARTSENS TECHNOLOGY (SHANGHAI),688213.SS,China,Technology,Semiconductors,SHH,Shanghai,cn_market,EQUITY,CNY,Shanghai,,China,https://www.smartsenstech.com,1447.0,2017.0,2022-05-20,5351503986,13.3174,39148470272.0,97.31,price/China/688213.SS.csv,3864,2023-08-10 09:30:00+08:00,2026-08-14 14:30:00+08:00,price_daily/China/688213.SS.csv,1030,2022-05-20 00:00:00+08:00,2026-08-14 00:00:00+08:00,True
71,Hwatsing Technology,"Hwatsing Technology Co., Ltd.",HWATSING TECHNOLOGY CO LTD,688120.SS,China,Technology,Semiconductor Equipment & Materials,SHH,Shanghai,cn_market,EQUITY,CNY,Tianjin,,China,https://www.hwatsing.com,2654.0,2013.0,2022-06-08,5321144728,15.0968,130730467328.0,263.42,price/China/688120.SS.csv,3854,2023-08-10 09:30:00+08:00,2026-08-14 14:30:00+08:00,price_daily/China/688120.SS.csv,1018,2022-06-08 00:00:00+08:00,2026-08-14 00:00:00+08:00,True
72,Cirrus Logic,"Cirrus Logic, Inc.","Cirrus Logic, Inc.",CRUS,United States,Technology,Semiconductors,NMS,NasdaqGS,us_market,EQUITY,USD,Austin,TX,United States,https://www.cirrus.com,1651.0,1984.0,1989-06-09,5236540928,102.08,6068734976.0,121.09,price/United_States/CRUS.csv,5081,2023-09-18 09:30:00-04:00,2026-08-14 15:30:00-04:00,price_daily/United_States/CRUS.csv,9364,1989-06-09 00:00:00-04:00,2026-08-14 00:00:00-04:00,True
73,eMemory Technology,eMemory Technology Inc.,EMEMORY TECHNOLOGY INC.,3529.TWO,Taiwan,Technology,Semiconductors,TWO,Taipei Exchange,tw_market,EQUITY,TWD,Jhubei City,,Taiwan,https://www.ememory.com.tw,342.0,2000.0,2007-12-28,5154556267,69.0349,198293979136.0,2655.0,price/Taiwan/3529.TWO.csv,3636,2023-08-15 09:00:00+08:00,2026-08-14 13:00:00+08:00,price_daily/Taiwan/3529.TWO.csv,4564,2007-12-28 00:00:00+08:00,2026-08-14 00:00:00+08:00,True
74,Tower Semiconductor,Tower Semiconductor Ltd.,Tower Semiconductor Ltd.,TSEM,Israel,Technology,Semiconductors,NMS,NasdaqGS,us_market,EQUITY,USD,Migdal Haemek,,Israel,https://towersemi.com,,1993.0,1994-10-26,5132180992,44.67,30007535616.0,265.48,price/Israel/TSEM.csv,5082,2023-09-18 09:30:00-04:00,2026-08-14 15:30:00-04:00,price_daily/Israel/TSEM.csv,8003,1994-10-26 00:00:00-04:00,2026-08-14 00:00:00-04:00,True
75,Rohm,"ROHM Co., Ltd.",ROHM CO LTD,6963.T,Japan,Technology,Semiconductors,JPX,Tokyo,jp_market,EQUITY,JPY,Kyoto,,Japan,https://www.rohm.com,21756.0,1940.0,2001-01-04,5013477310,12.989,1936351952896.0,5016.0,price/Japan/6963.T.csv,5086,2023-08-18 09:00:00+09:00,2026-08-14 15:00:00+09:00,price_daily/Japan/6963.T.csv,6379,2001-01-04 00:00:00+09:00,2026-08-14 00:00:00+09:00,True
76,SiTime,SiTime Corporation,SiTime Corporation,SITM,United States,Technology,Semiconductors,NGM,NasdaqGM,us_market,EQUITY,USD,Santa Clara,CA,United States,https://www.sitime.com,441.0,2003.0,2019-11-20,4968997376,193.09,21407870976.0,711.91,price/United_States/SITM.csv,5079,2023-09-18 09:30:00-04:00,2026-08-14 15:30:00-04:00,price_daily/United_States/SITM.csv,1690,2019-11-20 00:00:00-05:00,2026-08-14 00:00:00-04:00,True
77,Kokusai Electric,,KOKUSAI ELECTRIC CORPORATION,6525.T,Japan,Technology,Semiconductor Equipment & Materials,JPX,Tokyo,jp_market,EQUITY,JPY,Chiyoda,,Japan,https://www.kokusai-electric.com,2609.0,1949.0,2023-10-25,4932663644,21.1422,2144097402880.0,9187.0,price/Japan/6525.T.csv,3358,2024-08-20 09:00:00+09:00,2026-08-14 15:00:00+09:00,price_daily/Japan/6525.T.csv,684,2023-10-25 00:00:00+09:00,2026-08-14 00:00:00+09:00,True
78,Nanya Technology,Nanya Technology Corporation,NANYA TECHNOLOGY CORPORATION,2408.TW,Taiwan,Technology,Semiconductors,TAI,Taiwan,tw_market,EQUITY,TWD,New Taipei City,,Taiwan,https://www.nanya.com,,1995.0,2000-08-18,4615753825,1.48961,1586497454080.0,512.0,price/Taiwan/2408.TW.csv,3639,2023-08-15 09:00:00+08:00,2026-08-14 13:00:00+08:00,price_daily/Taiwan/2408.TW.csv,6455,2000-08-18 00:00:00+08:00,2026-08-14 00:00:00+08:00,True
79,Onto Innovation,Onto Innovation Inc.,Onto Innovation Inc.,ONTO,United States,Technology,Semiconductor Equipment & Materials,NYQ,NYSE,us_market,EQUITY,USD,Wilmington,MA,United States,https://www.ontoinnovation.com,1867.0,1940.0,2019-10-28,4614702592,94.3,20275255296.0,331.71,price/United_States/ONTO.csv,5082,2023-09-18 09:30:00-04:00,2026-08-14 15:30:00-04:00,price_daily/United_States/ONTO.csv,1708,2019-10-28 00:00:00-04:00,2026-08-14 00:00:00-04:00,True
80,Camtek,Camtek Ltd.,Camtek Ltd.,CAMT,Israel,Technology,Semiconductor Equipment & Materials,NGM,NasdaqGM,us_market,EQUITY,USD,Migdal Haemek,,Israel,https://www.camtek.com,709.0,1987.0,2000-07-28,4355105792,95.5,7717983232.0,165.38,price/Israel/CAMT.csv,5081,2023-09-18 09:30:00-04:00,2026-08-14 15:30:00-04:00,price_daily/Israel/CAMT.csv,6550,2000-07-28 00:00:00-04:00,2026-08-14 00:00:00-04:00,True
81,Semtech,Semtech Corporation,Semtech Corporation,SMTC,United States,Technology,Semiconductors,NMS,NasdaqGS,us_market,EQUITY,USD,Camarillo,CA,United States,https://www.semtech.com,1920.0,1960.0,1980-03-17,4343908864,50.14,13073767424.0,140.35,price/United_States/SMTC.csv,5082,2023-09-18 09:30:00-04:00,2026-08-14 15:30:00-04:00,price_daily/United_States/SMTC.csv,11698,1980-03-17 00:00:00-05:00,2026-08-14 00:00:00-04:00,True
82,Silergy,Silergy Corp.,SILERGY CORP,6415.TW,China,Technology,Semiconductors,TAI,Taiwan,tw_market,EQUITY,TWD,Grand Cayman,,Cayman Islands,https://www.silergy.com,,2008.0,2013-12-12,4233575888,10.9584,186409435136.0,480.0,price/China/6415.TW.csv,3639,2023-08-15 09:00:00+08:00,2026-08-14 13:00:00+08:00,price_daily/China/6415.TW.csv,3087,2013-12-12 00:00:00+08:00,2026-08-14 00:00:00+08:00,True
83,Silicon Labs,Silicon Laboratories Inc.,"Silicon Laboratories, Inc.",SLAB,United States,Technology,Semiconductors,NMS,NasdaqGS,us_market,EQUITY,USD,Austin,TX,United States,https://www.silabs.com,1930.0,1996.0,2000-03-24,4194270720,128.77,7287633920.0,218.41,price/United_States/SLAB.csv,5079,2023-09-18 09:30:00-04:00,2026-08-14 15:30:00-04:00,price_daily/United_States/SLAB.csv,6637,2000-03-24 00:00:00-05:00,2026-08-14 00:00:00-04:00,True
84,Maruwa,"Maruwa Co.,Ltd.",MARUWA CO LTD,5344.T,Japan,Technology,Electronic Components,JPX,Tokyo,jp_market,EQUITY,JPY,Owariasahi,,Japan,https://www.maruwa-g.com,2328.0,1973.0,2001-01-01,3791537834,307.258,752854040576.0,61010.0,price/Japan/5344.T.csv,5087,2023-08-18 09:00:00+09:00,2026-08-14 15:00:00+09:00,price_daily/Japan/5344.T.csv,6382,2001-01-01 00:00:00+09:00,2026-08-14 00:00:00+09:00,True
85,Espressif Systems (Shanghai),"Espressif Systems (Shanghai) Co., Ltd.",ESPRESSIF SYSTEMS (SHANGHAI) CO,688018.SS,China,Technology,Semiconductors,SHH,Shanghai,cn_market,EQUITY,CNY,Shanghai,,China,https://www.espressif.com/zh-hans/home,954.0,2008.0,2019-07-22,3486900699,22.2517,26251042816.0,112.0,price/China/688018.SS.csv,3808,2023-08-10 09:30:00+08:00,2026-08-14 14:30:00+08:00,price_daily/China/688018.SS.csv,1715,2019-07-22 00:00:00+08:00,2026-08-14 00:00:00+08:00,True
86,"ASMPT
 (ASM Pacific Technology)",ASMPT Limited,ASMPT,0522.HK,Hong Kong,Technology,Semiconductor Equipment & Materials,HKG,HKSE,hk_market,EQUITY,HKD,Singapore,,Singapore,https://www.asmpt.com,9000.0,1975.0,2000-07-04,3458919013,8.30594,73812467712.0,176.0,price/Hong_Kong/0522.HK.csv,5062,2023-08-23 09:30:00+08:00,2026-08-14 15:30:00+08:00,price_daily/Hong_Kong/0522.HK.csv,6503,2000-07-04 00:00:00+08:00,2026-08-14 00:00:00+08:00,True
87,Socionext,Socionext Inc.,SOCIONEXT INC,6526.T,Japan,Industrials,Electrical Equipment & Parts,JPX,Tokyo,jp_market,EQUITY,JPY,Yokohama,,Japan,https://www.socionext.com,2469.0,2014.0,2022-10-12,3299416807,18.8393,371350044672.0,2118.5,price/Japan/6526.T.csv,5090,2023-08-18 09:00:00+09:00,2026-08-14 15:00:00+09:00,price_daily/Japan/6526.T.csv,940,2022-10-12 00:00:00+09:00,2026-08-14 00:00:00+09:00,True
88,Melexis NV,Melexis NV,MELEXIS,MELE.BR,Belgium,Technology,Semiconductors,BRU,Brussels,be_market,EQUITY,EUR,Ieper,,Belgium,https://www.melexis.com,2000.0,1988.0,2002-05-17,3187296472,76.7147,2785937408.0,70.75,price/Belgium/MELE.BR.csv,6556,2023-10-04 09:00:00+02:00,2026-08-14 17:00:00+02:00,price_daily/Belgium/MELE.BR.csv,6221,2002-05-17 00:00:00+02:00,2026-08-14 00:00:00+02:00,True
89,Sumco Corporation,Sumco Corporation,SUMCO CORPORATION,3436.T,Japan,Technology,Semiconductor Equipment & Materials,JPX,Tokyo,jp_market,EQUITY,JPY,Minato,,Japan,https://www.sumcosi.com,9714.0,1999.0,2003-08-15,2753084838,7.87252,1370950729728.0,3920.0,price/Japan/3436.T.csv,5072,2023-08-18 09:00:00+09:00,2026-08-14 15:00:00+09:00,price_daily/Japan/3436.T.csv,5698,2003-08-15 00:00:00+09:00,2026-08-14 00:00:00+09:00,True
90,Ambarella,"Ambarella, Inc.","Ambarella, Inc.",AMBA,United States,Technology,Semiconductor Equipment & Materials,NMS,NasdaqGS,us_market,EQUITY,USD,Santa Clara,CA,United States,https://www.ambarella.com,959.0,2004.0,2012-10-10,2703474688,63.74,3598945792.0,82.04,price/United_States/AMBA.csv,5081,2023-09-18 09:30:00-04:00,2026-08-14 15:30:00-04:00,price_daily/United_States/AMBA.csv,3480,2012-10-10 00:00:00-04:00,2026-08-14 00:00:00-04:00,True
91,Power Integrations,"Power Integrations, Inc.","Power Integrations, Inc.",POWI,United States,Technology,Semiconductors,NMS,NasdaqGS,us_market,EQUITY,USD,San Jose,CA,United States,https://www.power.com,877.0,1988.0,1997-12-12,2681106944,47.63,3506049280.0,62.75,price/United_States/POWI.csv,5082,2023-09-18 09:30:00-04:00,2026-08-14 15:30:00-04:00,price_daily/United_States/POWI.csv,7211,1997-12-12 00:00:00-05:00,2026-08-14 00:00:00-04:00,True
92,Nordic Semiconductor,Nordic Semiconductor ASA,NORDIC SEMICONDUCTOR,NOD.OL,Norway,Technology,Semiconductors,OSL,Oslo,no_market,EQUITY,NOK,Trondheim,,Norway,https://www.nordicsemi.com,1465.0,1983.0,2000-01-03,2602713524,13.7008,33605398528.0,169.9,price/Norway/NOD.OL.csv,5829,2023-09-14 09:00:00+02:00,2026-08-14 16:00:00+02:00,price_daily/Norway/NOD.OL.csv,6747,2000-01-03 00:00:00+01:00,2026-08-14 00:00:00+02:00,True
93,Silicon Motion,Silicon Motion Technology Corporation,Silicon Motion Technology Corpo,SIMO,Hong Kong,Technology,Semiconductors,NMS,NasdaqGS,us_market,EQUITY,USD,Hong Kong,,Hong Kong,https://www.siliconmotion.com,2009.0,1995.0,2005-06-30,2597034240,76.42,9117794304.0,268.9,price/Hong_Kong/SIMO.csv,5082,2023-09-18 09:30:00-04:00,2026-08-14 15:30:00-04:00,price_daily/Hong_Kong/SIMO.csv,5314,2005-06-30 00:00:00-04:00,2026-08-14 00:00:00-04:00,True
94,VisEra Technologies,VisEra Technologies Company Ltd.,VISERA TECHNOLOGIES COMPANY LTD,6789.TW,Taiwan,Technology,Semiconductors,TAI,Taiwan,tw_market,EQUITY,TWD,Hsinchu City,,Taiwan,https://www.viseratech.com,1562.0,2003.0,2021-04-06,2491464738,7.84182,140847349760.0,442.5,price/Taiwan/6789.TW.csv,3639,2023-08-15 09:00:00+08:00,2026-08-14 13:00:00+08:00,price_daily/Taiwan/6789.TW.csv,1305,2021-04-07 00:00:00+08:00,2026-08-14 00:00:00+08:00,True
95,Rorze Corporation,Rorze Corporation,RORZE CORP,6323.T,Japan,Technology,Semiconductor Equipment & Materials,JPX,Tokyo,jp_market,EQUITY,JPY,Fukuyama,,Japan,https://www.rorze.com,4435.0,1966.0,2000-01-04,2306446209,13.2392,752173449216.0,4337.0,price/Japan/6323.T.csv,5075,2023-08-18 09:00:00+09:00,2026-08-14 15:00:00+09:00,price_daily/Japan/6323.T.csv,6641,2000-01-04 00:00:00+09:00,2026-08-14 00:00:00+09:00,True
96,FormFactor,"FormFactor, Inc.","FormFactor, Inc.",FORM,United States,Technology,Semiconductor Equipment & Materials,NMS,NasdaqGS,us_market,EQUITY,USD,Livermore,CA,United States,https://www.formfactor.com,2153.0,1993.0,2003-06-12,2229826048,28.93,10258847744.0,131.6,price/United_States/FORM.csv,5082,2023-09-18 09:30:00-04:00,2026-08-14 15:30:00-04:00,price_daily/United_States/FORM.csv,5831,2003-06-12 00:00:00-04:00,2026-08-14 00:00:00-04:00,True
97,Axcelis Technologies,"Axcelis Technologies, Inc.","Axcelis Technologies, Inc.",ACLS,United States,Technology,Semiconductor Equipment & Materials,NMS,NasdaqGS,us_market,EQUITY,USD,Beverly,MA,United States,https://www.axcelis.com,1465.0,1978.0,2000-07-11,2208903168,68.75,4328040448.0,140.15,price/United_States/ACLS.csv,5082,2023-09-18 09:30:00-04:00,2026-08-14 15:30:00-04:00,price_daily/United_States/ACLS.csv,6563,2000-07-11 00:00:00-04:00,2026-08-14 00:00:00-04:00,True
98,Vishay Intertechnology,"Vishay Intertechnology, Inc.","Vishay Intertechnology, Inc.",VSH,United States,Technology,Semiconductors,NYQ,NYSE,us_market,EQUITY,USD,Malvern,PA,United States,https://www.vishay.com,22600.0,1962.0,1980-03-17,2166152960,15.98,5380541440.0,35.08,price/United_States/VSH.csv,5082,2023-09-18 09:30:00-04:00,2026-08-14 15:30:00-04:00,price_daily/United_States/VSH.csv,11698,1980-03-17 00:00:00-05:00,2026-08-14 00:00:00-04:00,True
99,Powerchip Semiconductor Manufacturing,Powerchip Semiconductor Manufacturing Corporation,POWERCHIP SEMICONDUCTOR MANUFAC,6770.TW,Taiwan,Technology,Semiconductors,TAI,Taiwan,tw_market,EQUITY,TWD,Hsinchu City,,Taiwan,https://www.powerchip.com,,2008.0,2020-12-09,2150050649,0.511059,338346442752.0,78.4,price/Taiwan/6770.TW.csv,3639,2023-08-15 09:00:00+08:00,2026-08-14 13:00:00+08:00,price_daily/Taiwan/6770.TW.csv,1378,2020-12-09 00:00:00+08:00,2026-08-14 00:00:00+08:00,True
100,Sino-American Silicon Products,Sino-American Silicon Products Inc.,SINO-AMERICAN SILICON PRODUCTS ,5483.TWO,Taiwan,Technology,Semiconductor Equipment & Materials,TWO,Taipei Exchange,tw_market,EQUITY,TWD,Hsinchu City,,Taiwan,https://www.saswafer.com,,1981.0,2007-12-31,2099381591,3.41823,115464273920.0,188.0,price/Taiwan/5483.TWO.csv,3639,2023-08-15 09:00:00+08:00,2026-08-14 13:00:00+08:00,price_daily/Taiwan/5483.TWO.csv,4562,2007-12-31 00:00:00+08:00,2026-08-14 00:00:00+08:00,True
101,ACM Research,"ACM Research, Inc.","ACM Research, Inc.",ACMR,United States,Technology,Semiconductor Equipment & Materials,NGM,NasdaqGM,us_market,EQUITY,USD,Fremont,CA,United States,https://www.acmr.com,2513.0,1998.0,2017-11-02,1882725376,29.48,5601188352.0,80.42,price/United_States/ACMR.csv,5082,2023-09-18 09:30:00-04:00,2026-08-14 15:30:00-04:00,price_daily/United_States/ACMR.csv,2206,2017-11-02 00:00:00-04:00,2026-08-14 00:00:00-04:00,True
102,Aixtron,AIXTRON SE,AIXTRON SE                    N,AIXA.F,Germany,Technology,Semiconductor Equipment & Materials,FRA,Frankfurt,dr_market,EQUITY,EUR,Herzogenrath,,Germany,https://www.aixtron.com,1035.0,1983.0,2007-12-28,1869481963,16.438,4674973696.0,41.45,price/Germany/AIXA.F.csv,5097,2023-09-28 08:00:00+02:00,2026-08-14 17:00:00+02:00,price_daily/Germany/AIXA.F.csv,4728,2007-12-28 00:00:00+01:00,2026-08-14 00:00:00+02:00,True
103,Elmos Semiconductor,Elmos Semiconductor SE,Elmos Semiconductor SE        I,ELG.DE,Germany,Technology,Semiconductors,GER,XETRA,de_market,EQUITY,EUR,Leverkusen,,Germany,https://www.elmos.com,1204.0,1984.0,1999-10-13,1727064368,100.749,2611300352.0,151.6,price/Germany/ELG.DE.csv,6458,2023-09-28 09:00:00+02:00,2026-08-14 17:00:00+02:00,price_daily/Germany/ELG.DE.csv,6859,1999-10-13 00:00:00+02:00,2026-08-14 00:00:00+02:00,True
104,Kulicke and Soffa Industries,"Kulicke and Soffa Industries, Inc.","Kulicke and Soffa Industries, I",KLIC,Singapore,Technology,Semiconductor Equipment & Materials,NMS,NasdaqGS,us_market,EQUITY,USD,Singapore,,Singapore,https://www.kns.com,2551.0,1951.0,1973-02-21,1704976128,32.31,5185291776.0,99.09,price/Singapore/KLIC.csv,5082,2023-09-18 09:30:00-04:00,2026-08-14 15:30:00-04:00,price_daily/Singapore/KLIC.csv,13484,1973-02-21 00:00:00-05:00,2026-08-14 00:00:00-04:00,True
105,Soitec,Soitec SA,SOITEC,SOI.PA,France,Technology,Semiconductor Equipment & Materials,PAR,Paris,fr_market,EQUITY,EUR,Bernin,,France,https://www.soitec.com,1961.0,1992.0,1998-11-13,1588129555,42.6513,4618092544.0,129.2,price/France/SOI.PA.csv,6556,2023-10-04 09:00:00+02:00,2026-08-14 17:00:00+02:00,price_daily/France/SOI.PA.csv,7134,1998-11-13 00:00:00+01:00,2026-08-14 00:00:00+02:00,True
106,Navitas Semiconductor,Navitas Semiconductor Corporation,Navitas Semiconductor Corporati,NVTS,Ireland,Technology,Semiconductors,NGM,NasdaqGM,us_market,EQUITY,USD,Torrance,CA,United States,https://navitassemi.com,190.0,2014.0,2021-10-20,1528192640,7.96,3772800768.0,14.45,price/Ireland/NVTS.csv,5082,2023-09-18 09:30:00-04:00,2026-08-14 15:30:00-04:00,price_daily/Ireland/NVTS.csv,1209,2021-10-20 00:00:00-04:00,2026-08-14 00:00:00-04:00,True
107,Himax,"Himax Technologies, Inc.","Himax Technologies, Inc.",HIMX,Taiwan,Technology,Semiconductors,NMS,NasdaqGS,us_market,EQUITY,USD,Tainan City,,Taiwan,https://www.himax.com.tw,2200.0,2001.0,2006-03-31,1512997376,8.65,2656506624.0,15.23,price/Taiwan/HIMX.csv,5082,2023-09-18 09:30:00-04:00,2026-08-14 15:30:00-04:00,price_daily/Taiwan/HIMX.csv,5125,2006-03-31 00:00:00-05:00,2026-08-14 00:00:00-04:00,True
108,Siltronic,Siltronic AG,Siltronic AG                  N,WAF.F,Germany,Technology,Semiconductors,FRA,Frankfurt,dr_market,EQUITY,EUR,Munich,,Germany,https://www.siltronic.com,4210.0,1953.0,2015-06-15,1374996203,43.5735,2904000000.0,88.0,price/Germany/WAF.F.csv,1771,2023-09-28 09:00:00+02:00,2026-08-14 08:00:00+02:00,price_daily/Germany/WAF.F.csv,2839,2015-06-15 00:00:00+02:00,2026-08-14 00:00:00+02:00,True
109,WIN Semiconductors,WIN Semiconductors Corp.,WIN SEMICONDUCTORS CORP,3105.TWO,Taiwan,Technology,Semiconductors,TWO,Taipei Exchange,tw_market,EQUITY,TWD,Taoyuan City,,Taiwan,https://www.winfoundry.com,,1999.0,2011-12-13,1217548759,2.87198,30551851008.0,378.0,price/Taiwan/3105.TWO.csv,3639,2023-08-15 09:00:00+08:00,2026-08-14 13:00:00+08:00,price_daily/Taiwan/3105.TWO.csv,3579,2011-12-13 00:00:00+08:00,2026-08-14 00:00:00+08:00,True
110,Veeco,Veeco Instruments Inc.,Veeco Instruments Inc.,VECO,United States,Technology,Semiconductor Equipment & Materials,NMS,NasdaqGS,us_market,EQUITY,USD,Plainview,NY,United States,https://www.veeco.com,1265.0,1945.0,1994-11-29,1191492608,20.44,3203193344.0,52.4,price/United_States/VECO.csv,5082,2023-09-18 09:30:00-04:00,2026-08-14 15:30:00-04:00,price_daily/United_States/VECO.csv,7980,1994-11-29 00:00:00-05:00,2026-08-14 00:00:00-04:00,True
111,Photronics,"Photronics, Inc.","Photronics, Inc.",PLAB,United States,Technology,Semiconductor Equipment & Materials,NMS,NasdaqGS,us_market,EQUITY,USD,Brookfield,CT,United States,https://www.photronics.com,1900.0,1969.0,1987-03-10,1190378496,19.79,1964670336.0,33.32,price/United_States/PLAB.csv,5082,2023-09-18 09:30:00-04:00,2026-08-14 15:30:00-04:00,price_daily/United_States/PLAB.csv,9934,1987-03-10 00:00:00-05:00,2026-08-14 00:00:00-04:00,True
112,Formosa Sumco Technology,Formosa Sumco Technology Corporation,FORMOSA SUMCO TECHNOLOGY CORP,3532.TW,Taiwan,Technology,Semiconductor Equipment & Materials,TAI,Taiwan,tw_market,EQUITY,TWD,Taipei,,Taiwan,https://www.fstech.com.tw,,1995.0,2007-12-10,1145087376,2.95241,138073997312.0,356.0,price/Taiwan/3532.TW.csv,3638,2023-08-15 09:00:00+08:00,2026-08-14 13:00:00+08:00,price_daily/Taiwan/3532.TW.csv,4578,2007-12-10 00:00:00+08:00,2026-08-14 00:00:00+08:00,True
113,X-FAB,X-FAB Silicon Foundries SE,X-FAB SILICON FOUNDRIES SE,XFAB.PA,Belgium,Technology,Semiconductors,PAR,Paris,fr_market,EQUITY,EUR,Tessenderlo,,Belgium,https://www.xfab.com,4000.0,1992.0,2017-04-06,1077477580,8.03458,870661760.0,6.665,price/Belgium/XFAB.PA.csv,6551,2023-10-04 09:00:00+02:00,2026-08-14 17:00:00+02:00,price_daily/Belgium/XFAB.PA.csv,2393,2017-04-06 00:00:00+02:00,2026-08-14 00:00:00+02:00,True
114,UCT (Ultra Clean Holdings),"Ultra Clean Holdings, Inc.","Ultra Clean Holdings, Inc.",UCTT,United States,Technology,Semiconductor Equipment & Materials,NMS,NasdaqGS,us_market,EQUITY,USD,Hayward,CA,United States,https://www.uct.com,6948.0,1991.0,2004-03-25,1011171136,22.3,3807271936.0,84.93,price/United_States/UCTT.csv,5081,2023-09-18 09:30:00-04:00,2026-08-14 15:30:00-04:00,price_daily/United_States/UCTT.csv,5633,2004-03-25 00:00:00-05:00,2026-08-14 00:00:00-04:00,True
115,nLIGHT,"nLIGHT, Inc.","nLIGHT, Inc.",LASR,United States,Technology,Semiconductors,NMS,NasdaqGS,us_market,EQUITY,USD,Camas,WA,United States,https://www.nlight.net,800.0,2000.0,2018-04-26,994228352,20.11,3034504192.0,52.6,price/United_States/LASR.csv,5082,2023-09-18 09:30:00-04:00,2026-08-14 15:30:00-04:00,price_daily/United_States/LASR.csv,2087,2018-04-26 00:00:00-04:00,2026-08-14 00:00:00-04:00,True
116,u-blox,,,UBXN.SW,Switzerland,,,,,,,,,,,,,,,939350149,125.833,,,,0,,,,0,,,False
117,TOWA Corporation,TOWA Corporation,TOWA CORP,6315.T,Japan,Technology,Semiconductor Equipment & Materials,JPX,Tokyo,jp_market,EQUITY,JPY,Kyoto,,Japan,https://www.towajapan.co.jp,2211.0,1979.0,2001-01-04,923782783,12.316,188479537152.0,2512.0,price/Japan/6315.T.csv,5087,2023-08-18 09:00:00+09:00,2026-08-14 15:00:00+09:00,price_daily/Japan/6315.T.csv,6379,2001-01-04 00:00:00+09:00,2026-08-14 00:00:00+09:00,True
118,Cohu,"Cohu, Inc.","Cohu, Inc.",COHU,United States,Technology,Semiconductor Equipment & Materials,NMS,NasdaqGS,us_market,EQUITY,USD,San Diego,CA,United States,https://www.cohu.com,2777.0,1947.0,1980-03-17,889596608,19.13,2807169024.0,59.3,price/United_States/COHU.csv,5082,2023-09-18 09:30:00-04:00,2026-08-14 15:30:00-04:00,price_daily/United_States/COHU.csv,11698,1980-03-17 00:00:00-05:00,2026-08-14 00:00:00-04:00,True
119,PDF Solutions,"PDF Solutions, Inc.","PDF Solutions, Inc.",PDFS,United States,Technology,Software - Application,NMS,NasdaqGS,us_market,EQUITY,USD,Santa Clara,CA,United States,https://www.pdf.com,600.0,1991.0,2001-07-31,850112064,21.72,2149365248.0,50.9,price/United_States/PDFS.csv,5081,2023-09-18 09:30:00-04:00,2026-08-14 15:30:00-04:00,price_daily/United_States/PDFS.csv,6297,2001-07-31 00:00:00-04:00,2026-08-14 00:00:00-04:00,True
120,AT&amp;S Austria Technologie &amp; Systemtechnik,AT & S Austria Technologie & Systemtechnik Aktiengesellschaft,AT&S Austria Tech.&Systemtech.,ATS.VI,Austria,Technology,Electronic Components,VIE,Vienna,at_market,EQUITY,EUR,Leoben,,Austria,https://ats.net,14569.0,1987.0,2007-11-02,789987295,20.3343,6728819712.0,173.2,price/Austria/ATS.VI.csv,6541,2023-09-27 08:55:00+02:00,2026-08-14 16:55:00+02:00,price_daily/Austria/ATS.VI.csv,4699,2007-11-02 00:00:00+01:00,2026-08-14 00:00:00+02:00,True
121,Alpha &amp; Omega Semiconductor,Alpha and Omega Semiconductor Limited,Alpha and Omega Semiconductor L,AOSL,United States,Technology,Semiconductors,NMS,NasdaqGS,us_market,EQUITY,USD,Sunnyvale,CA,United States,https://www.aosmd.com,,2000.0,2010-04-29,738643200,24.82,920933120.0,30.77,price/United_States/AOSL.csv,5080,2023-09-18 09:30:00-04:00,2026-08-14 15:30:00-04:00,price_daily/United_States/AOSL.csv,4099,2010-04-29 00:00:00-04:00,2026-08-14 00:00:00-04:00,True
122,indie Semiconductor,"indie Semiconductor, Inc.","indie Semiconductor, Inc.",INDI,United States,Technology,Semiconductors,NCM,NasdaqCM,us_market,EQUITY,USD,Aliso Viejo,CA,United States,https://www.indie.inc,800.0,2007.0,2019-10-04,728896064,3.74,995169280.0,4.71,price/United_States/INDI.csv,5082,2023-09-18 09:30:00-04:00,2026-08-14 15:30:00-04:00,price_daily/United_States/INDI.csv,1724,2019-10-04 00:00:00-04:00,2026-08-14 00:00:00-04:00,True
123,SÜSS MicroTec,SUSS MicroTec SE,SUSS MicroTec SE              N,SMHN.DE,Germany,Technology,Semiconductor Equipment & Materials,GER,XETRA,de_market,EQUITY,EUR,Garching bei Munchen,,Germany,https://www.suss.com,1605.0,1949.0,1999-05-19,711735621,37.2334,1596147456.0,83.5,price/Germany/SMHN.DE.csv,6543,2023-09-28 09:00:00+02:00,2026-08-14 17:00:00+02:00,price_daily/Germany/SMHN.DE.csv,6964,1999-05-19 00:00:00+02:00,2026-08-14 00:00:00+02:00,True
124,Ichor Systems,"Ichor Holdings, Ltd.",Ichor Holdings,ICHR,United States,Technology,Semiconductor Equipment & Materials,NMS,NasdaqGS,us_market,EQUITY,USD,Fremont,CA,United States,https://www.ichorsystems.com,1891.0,1999.0,2016-12-09,661247488,19.38,2661123072.0,71.05,price/United_States/ICHR.csv,5082,2023-09-18 09:30:00-04:00,2026-08-14 15:30:00-04:00,price_daily/United_States/ICHR.csv,2432,2016-12-09 00:00:00-05:00,2026-08-14 00:00:00-04:00,True
125,ChipMOS Technologies,ChipMOS TECHNOLOGIES INC.,ChipMOS TECHNOLOGIES INC.,IMOS,Taiwan,Technology,Semiconductors,NMS,NasdaqGS,us_market,EQUITY,USD,Hsinchu City,,Taiwan,https://www.chipmos.com,,1997.0,2003-07-03,611561152,16.87,2029229952.0,58.36,price/Taiwan/IMOS.csv,4769,2023-09-18 09:30:00-04:00,2026-08-14 15:30:00-04:00,price_daily/Taiwan/IMOS.csv,5816,2003-07-03 00:00:00-04:00,2026-08-14 00:00:00-04:00,True
126,RS Technologies,"RS Technologies Co., Ltd.",RS TECHNOLOGIES CO LTD,3445.T,Japan,Technology,Semiconductors,JPX,Tokyo,jp_market,EQUITY,JPY,Shinagawa,,Japan,https://www.rs-tec.jp,2744.0,2010.0,2015-03-24,561090711,20.8987,165695635456.0,6230.0,price/Japan/3445.T.csv,5090,2023-08-18 09:00:00+09:00,2026-08-14 15:00:00+09:00,price_daily/Japan/3445.T.csv,2805,2015-03-24 00:00:00+09:00,2026-08-14 00:00:00+09:00,True
127,Aehr Test Systems,"Aehr Test Systems, Inc.",Aehr Test Systems,AEHR,United States,Technology,Semiconductor Equipment & Materials,NCM,NasdaqCM,us_market,EQUITY,USD,Fremont,CA,United States,https://www.aehr.com,138.0,1977.0,1997-08-15,503770304,16.84,4373097472.0,134.06,price/United_States/AEHR.csv,5082,2023-09-18 09:30:00-04:00,2026-08-14 15:30:00-04:00,price_daily/United_States/AEHR.csv,7294,1997-08-15 00:00:00-04:00,2026-08-14 00:00:00-04:00,True
128,CEVA,"CEVA, Inc.","CEVA, Inc.",CEVA,United States,Technology,Semiconductors,NMS,NasdaqGS,us_market,EQUITY,USD,Rockville,MD,United States,https://www.ceva-ip.com,374.0,1999.0,2002-11-01,495069504,20.7,936967488.0,33.28,price/United_States/CEVA.csv,5082,2023-09-18 09:30:00-04:00,2026-08-14 15:30:00-04:00,price_daily/United_States/CEVA.csv,5983,2002-11-01 00:00:00-05:00,2026-08-14 00:00:00-04:00,True
129,POET Technologies,POET Technologies Inc.,POET Technologies Inc.,POET,Canada,Technology,Semiconductors,NCM,NasdaqCM,us_market,EQUITY,USD,Toronto,ON,Canada,https://www.poet-technologies.com,80.0,,2008-06-25,495046592,5.4,1653412224.0,9.58,price/Canada/POET.csv,5028,2023-09-18 09:30:00-04:00,2026-08-14 15:30:00-04:00,price_daily/Canada/POET.csv,4563,2008-06-25 00:00:00-04:00,2026-08-14 00:00:00-04:00,True
130,SkyWater Technology,"SkyWater Technology, Inc.","SkyWater Technology, Inc.",SKYT,United States,Technology,Semiconductors,NCM,NasdaqCM,us_market,EQUITY,USD,Bloomington,MN,United States,https://www.skywatertechnology.com,1551.0,2016.0,2021-04-21,421764832,8.78,1597181312.0,32.46,price/United_States/SKYT.csv,5005,2023-09-18 09:30:00-04:00,2026-07-30 15:30:00-04:00,price_daily/United_States/SKYT.csv,1321,2021-04-21 00:00:00-04:00,2026-08-07 00:00:00-04:00,True
131,SEALSQ,SEALSQ Corp,SEALSQ Corp,LAES,Switzerland,Technology,Semiconductors,NMS,NasdaqGS,us_market,EQUITY,USD,Cointrin,,Switzerland,https://www.sealsq.com,185.0,2022.0,2023-05-23,417891360,2.98,670549760.0,3.01,price/Switzerland/LAES.csv,5043,2023-09-18 09:30:00-04:00,2026-08-14 15:30:00-04:00,price_daily/Switzerland/LAES.csv,810,2023-05-23 00:00:00-04:00,2026-08-14 00:00:00-04:00,True
132,Arteris,"Arteris, Inc.","Arteris, Inc.",AIP,United States,Technology,Semiconductors,NGM,NasdaqGM,us_market,EQUITY,USD,Campbell,CA,United States,https://www.arteris.com,364.0,2003.0,2021-10-27,379898208,9.05,1391987584.0,28.32,price/United_States/AIP.csv,5081,2023-09-18 09:30:00-04:00,2026-08-14 15:30:00-04:00,price_daily/United_States/AIP.csv,1203,2021-10-27 00:00:00-04:00,2026-08-14 00:00:00-04:00,True
133,Aeluma,"Aeluma, Inc.","Aeluma, Inc.",ALMU,United States,Technology,Semiconductors,NCM,NasdaqCM,us_market,EQUITY,USD,Goleta,CA,United States,https://www.aeluma.com,12.0,2019.0,2023-02-28,328862304,20.82,337184288.0,18.42,price/United_States/ALMU.csv,3423,2023-09-18 09:30:00-04:00,2026-08-14 15:30:00-04:00,price_daily/United_States/ALMU.csv,869,2023-02-28 00:00:00-05:00,2026-08-14 00:00:00-04:00,True
134,Weebit Nano,Weebit Nano Limited,WEEBITNANO FPO [WBT],WBT.AX,Australia,Technology,Semiconductors,ASX,ASX,au_market,EQUITY,AUD,Sydney,NSW,Australia,https://www.weebit-nano.com,,2010.0,2010-12-20,325155840,1.46956,1067499392.0,4.44,price/Australia/WBT.AX.csv,5064,2023-09-27 10:00:00+10:00,2026-08-14 16:00:00+10:00,price_daily/Australia/WBT.AX.csv,3956,2010-12-21 00:00:00+11:00,2026-08-14 00:00:00+10:00,True
135,BrainChip,BrainChip Holdings Ltd,BRAINCHIP FPO [BRN],BRN.AX,Australia,Technology,Semiconductors,ASX,ASX,au_market,EQUITY,AUD,Sydney,NSW,Australia,https://brainchip.com,71.0,,2011-11-08,284262758,0.128909,327043648.0,0.135,price/Australia/BRN.AX.csv,5043,2023-09-27 10:00:00+10:00,2026-08-14 16:00:00+10:00,price_daily/Australia/BRN.AX.csv,3737,2011-11-09 00:00:00+11:00,2026-08-14 00:00:00+10:00,True
136,Xperi,Xperi Inc.,Xperi Inc.,XPER,United States,Technology,Software - Application,NYQ,NYSE,us_market,EQUITY,USD,San Jose,CA,United States,https://xperi.com,1380.0,2019.0,2022-09-20,264985184,5.8,328722080.0,6.74,price/United_States/XPER.csv,5082,2023-09-18 09:30:00-04:00,2026-08-14 15:30:00-04:00,price_daily/United_States/XPER.csv,979,2022-09-20 00:00:00-04:00,2026-08-14 00:00:00-04:00,True
137,Valens Semiconductor,Valens Semiconductor Ltd.,Valens Semiconductor Ltd.,VLN,Israel,Technology,Semiconductors,NYQ,NYSE,us_market,EQUITY,USD,Hod HaSharon,,Israel,https://www.valens.com,233.0,2006.0,2021-09-30,250499776,2.38,210048656.0,1.94,price/Israel/VLN.csv,5082,2023-09-18 09:30:00-04:00,2026-08-14 15:30:00-04:00,price_daily/Israel/VLN.csv,1223,2021-09-30 00:00:00-04:00,2026-08-14 00:00:00-04:00,True
138,Wolfspeed,"Wolfspeed, Inc.","Wolfspeed, Inc.",WOLF,United States,Technology,Semiconductors,NYQ,NYSE,us_market,EQUITY,USD,Durham,NC,United States,https://www.wolfspeed.com,3434.0,1987.0,2025-09-29,236553056,1.52,1652193152.0,31.79,price/United_States/WOLF.csv,1535,2025-09-29 10:30:00-04:00,2026-08-14 15:30:00-04:00,price_daily/United_States/WOLF.csv,221,2025-09-29 00:00:00-04:00,2026-08-14 00:00:00-04:00,True
139,Sequans Communications,Sequans Communications S.A.,Sequans Communications S.A.,SQNS,France,Technology,Semiconductors,NYQ,NYSE,us_market,EQUITY,USD,Paris,,France,https://www.sequans.com,171.0,2003.0,2011-04-19,178395008,1.25,45232548.0,3.02,price/France/SQNS.csv,4977,2023-09-18 09:30:00-04:00,2026-08-14 15:30:00-04:00,price_daily/France/SQNS.csv,3853,2011-04-19 00:00:00-04:00,2026-08-14 00:00:00-04:00,True
140,Atomera,Atomera Incorporated,Atomera Incorporated,ATOM,United States,Technology,Semiconductor Equipment & Materials,NCM,NasdaqCM,us_market,EQUITY,USD,Los Gatos,CA,United States,https://atomera.com,21.0,2001.0,2016-08-08,143081104,4.66,218534624.0,5.6,price/United_States/ATOM.csv,5081,2023-09-18 09:30:00-04:00,2026-08-14 15:30:00-04:00,price_daily/United_States/ATOM.csv,2518,2016-08-08 00:00:00-04:00,2026-08-14 00:00:00-04:00,True
141,Everspin Technologies,"Everspin Technologies, Inc.","Everspin Technologies, Inc.",MRAM,United States,Technology,Semiconductors,NGM,NasdaqGM,us_market,EQUITY,USD,Chandler,AZ,United States,https://www.everspin.com,85.0,2008.0,2016-10-07,135029072,6.01,459728128.0,18.88,price/United_States/MRAM.csv,5079,2023-09-18 09:30:00-04:00,2026-08-14 15:30:00-04:00,price_daily/United_States/MRAM.csv,2476,2016-10-07 00:00:00-04:00,2026-08-14 00:00:00-04:00,True
142,IQE plc,IQE plc,IQE PLC ORD 1P,IQE.L,United Kingdom,Technology,Semiconductor Equipment & Materials,LSE,LSE,gb_market,EQUITY,GBp,Cardiff,,United Kingdom,https://www.iqep.com,460.0,1988.0,2000-05-19,126162086,0.128263,619595776.0,46.55,price/United_Kingdom/IQE.L.csv,6518,2023-09-27 08:00:00+01:00,2026-08-14 16:00:00+01:00,price_daily/United_Kingdom/IQE.L.csv,6676,2000-05-19 00:00:00+01:00,2026-08-14 00:00:00+01:00,True
143,centrotherm international,centrotherm international AG,centrotherm international AG  I,CTNK.F,Germany,Technology,Semiconductors,FRA,Frankfurt,dr_market,EQUITY,EUR,Blaubeuren,,Germany,https://www.centrotherm.de,741.0,1948.0,2007-10-12,121973486,5.76369,195752016.0,9.25,price/Germany/CTNK.F.csv,1277,2023-09-29 11:00:00+02:00,2026-08-14 08:00:00+02:00,price_daily/Germany/CTNK.F.csv,4780,2007-10-12 00:00:00+02:00,2026-08-14 00:00:00+02:00,True
144,Magnachip,Magnachip Semiconductor Corporation,Magnachip Semiconductor Corpora,MX,Luxembourg,Technology,Semiconductors,NYQ,NYSE,us_market,EQUITY,USD,Cheongju-Si,,South Korea,https://www.magnachip.com,711.0,2003.0,2011-03-11,106748256,2.96,139103520.0,3.81,price/Luxembourg/MX.csv,5082,2023-09-18 09:30:00-04:00,2026-08-14 15:30:00-04:00,price_daily/Luxembourg/MX.csv,3880,2011-03-11 00:00:00-05:00,2026-08-14 00:00:00-04:00,True
145,Quicklogic,QuickLogic Corporation,QuickLogic Corporation,QUIK,United States,Technology,Semiconductors,NCM,NasdaqCM,us_market,EQUITY,USD,San Jose,CA,United States,https://www.quicklogic.com,51.0,1988.0,1999-10-18,97708736,6.17,233712160.0,12.76,price/United_States/QUIK.csv,5067,2023-09-18 09:30:00-04:00,2026-08-14 15:30:00-04:00,price_daily/United_States/QUIK.csv,6747,1999-10-18 00:00:00-04:00,2026-08-14 00:00:00-04:00,True
146,inTEST Corporation,InTest Corporation,inTest Corporation,INTT,United States,Technology,Semiconductor Equipment & Materials,ASE,NYSE American,us_market,EQUITY,USD,Mount Laurel,NJ,United States,https://www.intest.com,385.0,1981.0,1997-06-17,88324096,7.07,179176240.0,13.97,price/United_States/INTT.csv,5046,2023-09-18 09:30:00-04:00,2026-08-14 15:30:00-04:00,price_daily/United_States/INTT.csv,7336,1997-06-17 00:00:00-04:00,2026-08-14 00:00:00-04:00,True
147,AXT Inc,"AXT, Inc.",AXT Inc,AXTI,United States,Technology,Semiconductor Equipment & Materials,NMS,NasdaqGS,us_market,EQUITY,USD,Fremont,CA,United States,https://www.axt.com,1541.0,1986.0,1998-05-21,87559104,1.92,5353396736.0,81.64,price/United_States/AXTI.csv,5082,2023-09-18 09:30:00-04:00,2026-08-14 15:30:00-04:00,price_daily/United_States/AXTI.csv,7102,1998-05-21 00:00:00-04:00,2026-08-14 00:00:00-04:00,True
148,GCT Semiconductor,"GCT Semiconductor Holding, Inc.","GCT Semiconductor Holding, Inc.",GCTS,United States,Technology,Semiconductors,NYQ,NYSE,us_market,EQUITY,USD,San Jose,CA,United States,https://www.gctsemi.com,126.0,1998.0,2021-12-27,74175432,1.33,181180368.0,1.97,price/United_States/GCTS.csv,4163,2024-03-26 15:30:00-04:00,2026-08-14 15:30:00-04:00,price_daily/United_States/GCTS.csv,1163,2021-12-27 00:00:00-05:00,2026-08-14 00:00:00-04:00,True
149,Amtech Systems,"Amtech Systems, Inc.","Amtech Systems, Inc.",ASYS,United States,Technology,Semiconductor Equipment & Materials,NMS,NasdaqGS,us_market,EQUITY,USD,Tempe,AZ,United States,https://www.amtechsystems.com,264.0,1981.0,1983-08-09,65271840,4.56,280829952.0,16.04,price/United_States/ASYS.csv,4892,2023-09-18 09:30:00-04:00,2026-08-14 15:30:00-04:00,price_daily/United_States/ASYS.csv,10839,1983-08-09 00:00:00-04:00,2026-08-14 00:00:00-04:00,True
150,Pixelworks,"Pixelworks, Inc.","Pixelworks, Inc.",PXLW,United States,Technology,Semiconductors,NCM,NasdaqCM,us_market,EQUITY,USD,Portland,OR,United States,https://www.pixelworks.com,163.0,1997.0,2000-05-19,56552416,10.78,42224764.0,6.98,price/United_States/PXLW.csv,5018,2023-09-18 09:30:00-04:00,2026-08-14 15:30:00-04:00,price_daily/United_States/PXLW.csv,6598,2000-05-19 00:00:00-04:00,2026-08-14 00:00:00-04:00,True
151,Mobix Labs,"Mobix Labs, Inc.","Mobix Labs, Inc.",MOBX,United States,Technology,Semiconductors,NCM,NasdaqCM,us_market,EQUITY,USD,Irvine,CA,United States,https://www.mobixlabs.com,46.0,,2021-08-13,43760624,0.8189,19302320.0,1.27,price/United_States/MOBX.csv,4500,2023-12-22 09:30:00-05:00,2026-08-14 15:30:00-04:00,price_daily/United_States/MOBX.csv,1256,2021-08-13 00:00:00-04:00,2026-08-14 00:00:00-04:00,True
152,Kalray,Kalray S.A.,KALRAY,ALKAL.PA,France,Technology,Semiconductors,PAR,Paris,fr_market,EQUITY,EUR,Montbonnot-Saint-Martin,,France,https://www.kalrayinc.com,92.0,2008.0,2018-06-12,8735389,0.714697,121094048.0,6.59,price/France/ALKAL.PA.csv,6309,2023-10-04 09:00:00+02:00,2026-08-14 17:00:00+02:00,price_daily/France/ALKAL.PA.csv,2094,2018-06-12 00:00:00+02:00,2026-08-14 00:00:00+02:00,True
